456555,http://video3.earthcam.com/fecnetwork/8671.flv/playlist.m3u8
456556,http://video3.earthcam.com/fecnetwork/6961.flv/playlist.m3u8
456557,http://video3.earthcam.com/fecnetwork/8620.flv/playlist.m3u8
456558,http://video3.earthcam.com/fecnetwork/5805.flv/playlist.m3u8
456559,http://video3.earthcam.com/fecnetwork/7300.flv/playlist.m3u8
456560,http://video3.earthcam.com/fecnetwork/lacitytours1.flv/playlist.m3u8
456561,http://video3.earthcam.com/fecnetwork/9602.flv/playlist.m3u8
456562,http://video3.earthcam.com/fecnetwork/6603.flv/playlist.m3u8
456563,http://video3.earthcam.com/fecnetwork/6253.flv/playlist.m3u8
456564,http://video3.earthcam.com/fecnetwork/6175.flv/playlist.m3u8
456565,http://video3.earthcam.com/fecnetwork/4356.flv/playlist.m3u8
456566,http://video3.earthcam.com/fecnetwork/7322.flv/playlist.m3u8
456567,http://video3.earthcam.com/fecnetwork/7132.flv/playlist.m3u8
456568,http://video3.earthcam.com/fecnetwork/4356.flv/playlist.m3u8
456569,http://video3.earthcam.com/fecnetwork/4968.flv/playlist.m3u8
456570,http://video3.earthcam.com/fecnetwork/3275.flv/playlist.m3u8
456571,http://video3.earthcam.com/fecnetwork/5718.flv/playlist.m3u8
456572,http://video3.earthcam.com/fecnetwork/miamivishd5.flv/playlist.m3u8
456573,http://video3.earthcam.com/fecnetwork/7571.flv/playlist.m3u8
456574,http://video3.earthcam.com/fecnetwork/7342.flv/playlist.m3u8
456575,http://video3.earthcam.com/fecnetwork/8891.flv/playlist.m3u8
456576,http://video3.earthcam.com/fecnetwork/diamondhead.flv/playlist.m3u8
456577,http://video3.earthcam.com/fecnetwork/4135.flv/playlist.m3u8
456578,http://video3.earthcam.com/fecnetwork/windjammerHD2.flv/playlist.m3u8
456579,http://video3.earthcam.com/fecnetwork/3644newscafe.flv/playlist.m3u8
456580,http://video3.earthcam.com/fecnetwork/miamivishd1.flv/playlist.m3u8
456581,http://video3.earthcam.com/fecnetwork/3644newscafe.flv/playlist.m3u8
456582,http://video3.earthcam.com/fecnetwork/8763.flv/playlist.m3u8
456583,http://video3.earthcam.com/fecnetwork/5751.flv/playlist.m3u8
456584,http://video3.earthcam.com/fecnetwork/interactoneHDCam1.flv/playlist.m3u8
456585,http://video3.earthcam.com/fecnetwork/7988.flv/playlist.m3u8
456586,http://video3.earthcam.com/fecnetwork/miamivishd7.flv/playlist.m3u8
456587,http://video3.earthcam.com/fecnetwork/6076.flv/playlist.m3u8
456588,http://video3.earthcam.com/fecnetwork/5965.flv/playlist.m3u8
456589,http://video3.earthcam.com/fecnetwork/5965.flv/playlist.m3u8
456590,http://video3.earthcam.com/fecnetwork/5966.flv/playlist.m3u8
456591,http://video3.earthcam.com/fecnetwork/miamivishd2.flv/playlist.m3u8
456592,http://video3.earthcam.com/fecnetwork/6649.flv/playlist.m3u8
456593,http://video3.earthcam.com/fecnetwork/6649.flv/playlist.m3u8
456594,http://video3.earthcam.com/fecnetwork/10147.flv/playlist.m3u8
456595,http://video3.earthcam.com/fecnetwork/5204.flv/playlist.m3u8
456596,http://video3.earthcam.com/fecnetwork/4617.flv/playlist.m3u8
456597,http://video3.earthcam.com/fecnetwork/6426.flv/playlist.m3u8
456598,http://video3.earthcam.com/fecnetwork/5758.flv/playlist.m3u8
456599,http://video3.earthcam.com/fecnetwork/10072.flv/playlist.m3u8
456600,http://video3.earthcam.com/fecnetwork/5187.flv/playlist.m3u8
456601,http://video3.earthcam.com/fecnetwork/370.flv/playlist.m3u8
456602,http://video3.earthcam.com/fecnetwork/3186.flv/playlist.m3u8
456603,http://video3.earthcam.com/fecnetwork/7962.flv/playlist.m3u8
456604,http://video3.earthcam.com/fecnetwork/4281.flv/playlist.m3u8
456605,http://video3.earthcam.com/fecnetwork/9106.flv/playlist.m3u8
456606,http://video3.earthcam.com/fecnetwork/4280.flv/playlist.m3u8
456607,http://video3.earthcam.com/fecnetwork/6998.flv/playlist.m3u8
456608,http://video3.earthcam.com/fecnetwork/6999.flv/playlist.m3u8
456609,http://video3.earthcam.com/fecnetwork/4049sonesta.flv/playlist.m3u8
456610,http://video3.earthcam.com/fecnetwork/4465.flv/playlist.m3u8
456611,http://video3.earthcam.com/fecnetwork/8584.flv/playlist.m3u8
456612,http://video3.earthcam.com/fecnetwork/7928.flv/playlist.m3u8
456613,http://video3.earthcam.com/fecnetwork/7484.flv/playlist.m3u8
456614,http://video3.earthcam.com/fecnetwork/7711.flv/playlist.m3u8
456615,http://video3.earthcam.com/fecnetwork/7710.flv/playlist.m3u8
456616,http://video3.earthcam.com/fecnetwork/9115.flv/playlist.m3u8
456617,http://video3.earthcam.com/fecnetwork/7945.flv/playlist.m3u8
456618,http://video3.earthcam.com/fecnetwork/meprd_garch.flv/playlist.m3u8
456619,http://video3.earthcam.com/fecnetwork/8211.flv/playlist.m3u8
456620,http://video3.earthcam.com/fecnetwork/woodmenHD.flv/playlist.m3u8
456621,http://video3.earthcam.com/fecnetwork/9741.flv/playlist.m3u8
456622,http://video3.earthcam.com/fecnetwork/5359.flv/playlist.m3u8
456623,http://video3.earthcam.com/fecnetwork/eclasvegas.flv/playlist.m3u8
456624,http://video3.earthcam.com/fecnetwork/4918.flv/playlist.m3u8
456625,http://video3.earthcam.com/fecnetwork/6632.flv/playlist.m3u8
456626,http://video3.earthcam.com/fecnetwork/5173.flv/playlist.m3u8
456627,http://video3.earthcam.com/fecnetwork/6975.flv/playlist.m3u8
456628,http://video3.earthcam.com/fecnetwork/5423.flv/playlist.m3u8
456629,http://video3.earthcam.com/fecnetwork/5465.flv/playlist.m3u8
456630,http://video3.earthcam.com/fecnetwork/4831.flv/playlist.m3u8
456631,http://video3.earthcam.com/fecnetwork/fridays_5th.flv/playlist.m3u8
456632,http://video3.earthcam.com/fecnetwork/3983.flv/playlist.m3u8
456633,http://video3.earthcam.com/fecnetwork/chargingbull.flv/playlist.m3u8
456634,http://video3.earthcam.com/fecnetwork/6427.flv/playlist.m3u8
456635,http://video3.earthcam.com/fecnetwork/5775.flv/playlist.m3u8
456636,http://video3.earthcam.com/fecnetwork/7384.flv/playlist.m3u8
456637,http://video3.earthcam.com/fecnetwork/libertyHD1.flv/playlist.m3u8
456638,http://video3.earthcam.com/fecnetwork/5324.flv/playlist.m3u8
456639,http://video3.earthcam.com/fecnetwork/6698.flv/playlist.m3u8
456640,http://video3.earthcam.com/fecnetwork/8939.flv/playlist.m3u8
456641,http://video3.earthcam.com/fecnetwork/8471.flv/playlist.m3u8
456642,http://video3.earthcam.com/fecnetwork/8470.flv/playlist.m3u8
456643,http://video3.earthcam.com/fecnetwork/7624.flv/playlist.m3u8
456644,http://video3.earthcam.com/fecnetwork/libertyHD1.flv/playlist.m3u8
456645,http://video3.earthcam.com/fecnetwork/paradiseon6.flv/playlist.m3u8
456646,http://video3.earthcam.com/fecnetwork/7461.flv/playlist.m3u8
456647,http://video3.earthcam.com/fecnetwork/9779.flv/playlist.m3u8
456648,http://video3.earthcam.com/fecnetwork/dealeyplaza2.flv/playlist.m3u8
456649,http://video3.earthcam.com/fecnetwork/5536.flv/playlist.m3u8
456650,http://video3.earthcam.com/fecnetwork/7524.flv/playlist.m3u8
456651,http://video3.earthcam.com/fecnetwork/6081.flv/playlist.m3u8
456652,http://video3.earthcam.com/fecnetwork/8078.flv/playlist.m3u8
456653,http://video3.earthcam.com/fecnetwork/warholchurch.flv/playlist.m3u8
456654,http://video3.earthcam.com/fecnetwork/5595.flv/playlist.m3u8
456655,http://video3.earthcam.com/fecnetwork/6954.flv/playlist.m3u8
456656,http://video3.earthcam.com/fecnetwork/anguilla.flv/playlist.m3u8
456657,http://video3.earthcam.com/fecnetwork/7393.flv/playlist.m3u8
456658,http://video3.earthcam.com/fecnetwork/7392.flv/playlist.m3u8
456659,http://video3.earthcam.com/fecnetwork/playalinda2.flv/playlist.m3u8
456660,http://video3.earthcam.com/fecnetwork/playalinda1.flv/playlist.m3u8
456661,http://video3.earthcam.com/fecnetwork/4646.flv/playlist.m3u8
456662,http://video3.earthcam.com/fecnetwork/6723.flv/playlist.m3u8
456663,http://video3.earthcam.com/fecnetwork/4644.flv/playlist.m3u8
456664,http://video3.earthcam.com/fecnetwork/8174.flv/playlist.m3u8
456665,http://video3.earthcam.com/fecnetwork/6593.flv/playlist.m3u8
456666,http://video3.earthcam.com/fecnetwork/5230.flv/playlist.m3u8
456667,http://video3.earthcam.com/fecnetwork/9299.flv/playlist.m3u8
456668,http://video3.earthcam.com/fecnetwork/9298.flv/playlist.m3u8
456669,http://video3.earthcam.com/fecnetwork/7382.flv/playlist.m3u8
456670,http://video3.earthcam.com/fecnetwork/4559.flv/playlist.m3u8
456671,http://video3.earthcam.com/fecnetwork/8715.flv/playlist.m3u8
456672,http://video3.earthcam.com/fecnetwork/8715.flv/playlist.m3u8
456673,http://video3.earthcam.com/fecnetwork/8713.flv/playlist.m3u8
456674,http://video3.earthcam.com/fecnetwork/8715.flv/playlist.m3u8
456675,http://video3.earthcam.com/fecnetwork/5358.flv/playlist.m3u8
456676,http://video3.earthcam.com/fecnetwork/4162.flv/playlist.m3u8
456677,http://video3.earthcam.com/fecnetwork/eiffelcamHD.flv/playlist.m3u8
456678,http://video3.earthcam.com/fecnetwork/3847fairmont.flv/playlist.m3u8
456679,http://video3.earthcam.com/fecnetwork/3792.flv/playlist.m3u8 
456680,http://video3.earthcam.com/fecnetwork/hotelvictoria2.flv/playlist.m3u8
456681,http://video3.earthcam.com/fecnetwork/4338.flv/playlist.m3u8
456682,http://video3.earthcam.com/fecnetwork/4054.flv/playlist.m3u8
456683,http://video3.earthcam.com/fecnetwork/7949.flv/playlist.m3u8
456684,http://video3.earthcam.com/fecnetwork/4369.flv/playlist.m3u8
456685,http://video3.earthcam.com/fecnetwork/4518.flv/playlist.m3u8
456686,http://video3.earthcam.com/fecnetwork/10294.flv/playlist.m3u8
456687,http://video3.earthcam.com/fecnetwork/9189.flv/playlist.m3u8
456688,http://video3.earthcam.com/fecnetwork/philippinesHD1.flv/playlist.m3u8
456689,http://video3.earthcam.com/fecnetwork/5026.flv/playlist.m3u8
456690,http://video3.earthcam.com/fecnetwork/7947.flv/playlist.m3u8
456691,http://video3.earthcam.com/fecnetwork/moscowHD1.flv/playlist.m3u8
456692,http://video3.earthcam.com/fecnetwork/5034.flv/playlist.m3u8
456693,http://video3.earthcam.com/fecnetwork/8577.flv/playlist.m3u8
456694,http://video3.earthcam.com/fecnetwork/6405.flv/playlist.m3u8
456695,http://video3.earthcam.com/fecnetwork/5288.flv/playlist.m3u8
456696,http://video3.earthcam.com/fecnetwork/4480.flv/playlist.m3u8
456697,http://video3.earthcam.com/fecnetwork/6528.flv/playlist.m3u8
456698,http://video3.earthcam.com/fecnetwork/4337.flv/playlist.m3u8
456699,http://video3.earthcam.com/fecnetwork/tokyo1.flv/playlist.m3u8
456700,http://video3.earthcam.com/fecnetwork/6406.flv/playlist.m3u8
456701,http://video3.earthcam.com/fecnetwork/sedonawebcam.flv/playlist.m3u8
456702,http://video3.earthcam.com/fecnetwork/8811.flv/playlist.m3u8
456703,http://video3.earthcam.com/fecnetwork/7786.flv/playlist.m3u8
456704,http://video3.earthcam.com/fecnetwork/7130.flv/playlist.m3u8
456705,http://video3.earthcam.com/fecnetwork/370.flv/playlist.m3u8
456706,http://video3.earthcam.com/fecnetwork/4282.flv/playlist.m3u8
456707,http://video3.earthcam.com/fecnetwork/ecfishtank01.flv/playlist.m3u8
456708,http://video3.earthcam.com/fecnetwork/4544.flv/playlist.m3u8
456709,http://video3.earthcam.com/fecnetwork/6427.flv/playlist.m3u8
456710,http://video3.earthcam.com/fecnetwork/libertyHD1.flv/playlist.m3u8
456711,http://video3.earthcam.com/fecnetwork/4544.flv/playlist.m3u8
456712,http://video3.earthcam.com/fecnetwork/5019.flv/playlist.m3u8
456713,http://video3.earthcam.com/fecnetwork/7461.flv/playlist.m3u8
456714,http://video3.earthcam.com/fecnetwork/hdtimes10.flv/playlist.m3u8
456715,http://video3.earthcam.com/fecnetwork/5019.flv/playlist.m3u8
456716,http://video3.earthcam.com/fecnetwork/libertyHD1.flv/playlist.m3u8
456717,http://video3.earthcam.com/fecnetwork/libertyHD1.flv/playlist.m3u8
456718,http://video3.earthcam.com/fecnetwork/hdtimes10.flv/playlist.m3u8
456719,http://video3.earthcam.com/fecnetwork/4017timessquare.flv/playlist.m3u8
456720,http://video3.earthcam.com/fecnetwork/hdtimes10.flv/playlist.m3u8
456721,http://video3.earthcam.com/fecnetwork/hdtimes10.flv/playlist.m3u8
456722,http://video3.earthcam.com/fecnetwork/hdtimes10.flv/playlist.m3u8
456723,http://video3.earthcam.com/fecnetwork/libertyHD1.flv/playlist.m3u8
456724,http://video3.earthcam.com/fecnetwork/libertyHD1.flv/playlist.m3u8
456725,http://video3.earthcam.com/fecnetwork/libertyHD1.flv/playlist.m3u8
456726,http://video3.earthcam.com/fecnetwork/5595.flv/playlist.m3u8
456727,http://video3.earthcam.com/fecnetwork/4017timessquare.flv/playlist.m3u8
456728,http://video3.earthcam.com/fecnetwork/9974.flv/playlist.m3u8
456729,http://video3.earthcam.com/fecnetwork/hdtimes10.flv/playlist.m3u8
456730,http://video3.earthcam.com/fecnetwork/4717.flv/playlist.m3u8
456731,http://video3.earthcam.com/fecnetwork/5719.flv/playlist.m3u8
456732,http://video3.earthcam.com/fecnetwork/dceaglecam.flv/playlist.m3u8
456733,http://video3.earthcam.com/fecnetwork/8838.flv/playlist.m3u8
456734,http://video3.earthcam.com/fecnetwork/8837.flv/playlist.m3u8
456735,http://video3.earthcam.com/fecnetwork/5663.flv/playlist.m3u8
456736,http://video3.earthcam.com/fecnetwork/miamivishd4.flv/playlist.m3u8
456737,http://video3.earthcam.com/fecnetwork/5441.flv/playlist.m3u8
456738,http://video3.earthcam.com/fecnetwork/5845.flv/playlist.m3u8
456739,http://video3.earthcam.com/fecnetwork/10874.flv/playlist.m3u8
456740,http://video3.earthcam.com/fecnetwork/5595.flv/playlist.m3u8
456741,http://video3.earthcam.com/fecnetwork/libertyHD1.flv/playlist.m3u8
456742,http://video3.earthcam.com/fecnetwork/8048.flv/playlist.m3u8
456743,http://video3.earthcam.com/fecnetwork/10729.flv/playlist.m3u8
456744,http://video3.earthcam.com/fecnetwork/4387.flv/playlist.m3u8
456745,http://video3.earthcam.com/fecnetwork/8671.flv/playlist.m3u8
456746,http://video3.earthcam.com/fecnetwork/8620.flv/playlist.m3u8
456747,http://video3.earthcam.com/fecnetwork/9602.flv/playlist.m3u8
456748,http://video3.earthcam.com/fecnetwork/4798.flv/playlist.m3u8
456749,http://video3.earthcam.com/fecnetwork/6253.flv/playlist.m3u8
456750,http://video3.earthcam.com/fecnetwork/lacitytours1.flv/playlist.m3u8
456751,http://video3.earthcam.com/fecnetwork/6603.flv/playlist.m3u8
456752,http://video3.earthcam.com/fecnetwork/10610.flv/playlist.m3u8
456753,http://video3.earthcam.com/fecnetwork/3304.flv/playlist.m3u8
456754,http://video3.earthcam.com/fecnetwork/5019.flv/playlist.m3u8
456755,http://video3.earthcam.com/fecnetwork/hdtimes10.flv/playlist.m3u8
456756,http://video3.earthcam.com/fecnetwork/4798.flv/playlist.m3u8
456757,http://video3.earthcam.com/fecnetwork/5805.flv/playlist.m3u8
456758,http://video3.earthcam.com/fecnetwork/10347.flv/playlist.m3u8
456759,http://video3.earthcam.com/fecnetwork/3635.flv/playlist.m3u8
456760,http://video3.earthcam.com/fecnetwork/6175.flv/playlist.m3u8
456761,http://video3.earthcam.com/fecnetwork/10669.flv/playlist.m3u8
456762,http://video3.earthcam.com/fecnetwork/10551.flv/playlist.m3u8
456763,http://video3.earthcam.com/fecnetwork/3304.flv/playlist.m3u8
